{"cameraMode":{"drawMode":0,"name":"Shaded","section":"Shading Mode"},"sceneLighting":true,"audioPlay":false,"sceneViewState":{"showFog":true,"showMaterialUpdate":true,"showSkybox":false,"showFlares":true,"showImageEffects":true,"showParticleSystems":true},"in2DMode":false,"pivot":{"x":-7.8501787185668949,"y":0.0762624740600586,"z":-1.2471485137939454},"rotation":{"x":-0.09192249923944473,"y":0.5579432845115662,"z":-0.06236232817173004,"w":-0.8224127888679504},"size":10.449999809265137,"orthographic":false}