{"cameraMode":{"drawMode":0,"name":"Shaded","section":"Shading Mode"},"sceneLighting":true,"audioPlay":false,"sceneViewState":{"showFog":true,"showMaterialUpdate":true,"showSkybox":true,"showFlares":true,"showImageEffects":true,"showParticleSystems":true},"in2DMode":false,"pivot":{"x":-0.3018132448196411,"y":1.7919566631317139,"z":-8.139914512634278},"rotation":{"x":0.12710753083229066,"y":0.8610970973968506,"z":-0.41628900170326235,"w":0.2629302144050598},"size":10.269329071044922,"orthographic":false}