{"cameraMode":{"drawMode":0,"name":"Shaded","section":"Shading Mode"},"sceneLighting":true,"audioPlay":false,"sceneViewState":{"showFog":true,"showMaterialUpdate":true,"showSkybox":false,"showFlares":true,"showImageEffects":true,"showParticleSystems":true},"in2DMode":false,"pivot":{"x":-7.636338233947754,"y":-0.4723639488220215,"z":-1.0706658363342286},"rotation":{"x":-0.10343381762504578,"y":0.552113950252533,"z":-0.0692693218588829,"w":-0.8244243264198303},"size":10.449999809265137,"orthographic":false}