{"cameraMode":{"drawMode":0,"name":"Shaded","section":"Shading Mode"},"sceneLighting":true,"audioPlay":false,"sceneViewState":{"showFog":true,"showMaterialUpdate":true,"showSkybox":false,"showFlares":true,"showImageEffects":true,"showParticleSystems":true},"in2DMode":false,"pivot":{"x":-8.028708457946778,"y":-1.5579304695129395,"z":-3.105280876159668},"rotation":{"x":-0.12119977921247482,"y":0.5911970734596252,"z":-0.09044545888900757,"w":-0.7922235131263733},"size":10.449999809265137,"orthographic":false}