{"cameraMode":{"drawMode":0,"name":"Shaded","section":"Shading Mode"},"sceneLighting":true,"audioPlay":false,"sceneViewState":{"showFog":true,"showMaterialUpdate":true,"showSkybox":false,"showFlares":true,"showImageEffects":true,"showParticleSystems":true},"in2DMode":false,"pivot":{"x":-8.26473331451416,"y":-0.35075855255126955,"z":-2.71785831451416},"rotation":{"x":-0.0979243740439415,"y":0.5876612067222595,"z":-0.07193907350301743,"w":-0.7999325394630432},"size":10.449999809265137,"orthographic":false}