{"cameraMode":{"drawMode":0,"name":"Shaded","section":"Shading Mode"},"sceneLighting":true,"audioPlay":false,"sceneViewState":{"showFog":true,"showMaterialUpdate":true,"showSkybox":true,"showFlares":true,"showImageEffects":true,"showParticleSystems":true},"in2DMode":false,"pivot":{"x":-7.718033790588379,"y":1.9975252151489258,"z":-12.790013313293457},"rotation":{"x":-0.016954829916357995,"y":0.9646493792533875,"z":-0.0640595480799675,"w":-0.25522470474243166},"size":10.269329071044922,"orthographic":false}