{"cameraMode":{"drawMode":0,"name":"Shaded","section":"Shading Mode"},"sceneLighting":true,"audioPlay":false,"sceneViewState":{"showFog":true,"showMaterialUpdate":true,"showSkybox":true,"showFlares":true,"showImageEffects":true,"showParticleSystems":true},"in2DMode":false,"pivot":{"x":4.808093547821045,"y":-1.4397072792053223,"z":11.180399894714356},"rotation":{"x":-0.19069163501262666,"y":-0.182285875082016,"z":0.036061689257621768,"w":-0.9639074206352234},"size":10.269329071044922,"orthographic":false}