{"cameraMode":{"drawMode":0,"name":"Shaded","section":"Shading Mode"},"sceneLighting":true,"audioPlay":false,"sceneViewState":{"showFog":true,"showMaterialUpdate":true,"showSkybox":false,"showFlares":true,"showImageEffects":true,"showParticleSystems":true},"in2DMode":false,"pivot":{"x":-8.184002876281739,"y":-0.5330972671508789,"z":-2.615915298461914},"rotation":{"x":-0.10174635052680969,"y":0.5849305391311646,"z":-0.07427789270877838,"w":-0.8012420535087586},"size":10.449999809265137,"orthographic":false}